--
-- PostgreSQL database dump
--

-- Dumped from database version 16.1
-- Dumped by pg_dump version 16.1

SET statement_timeout = 0;
SET lock_timeout = 0;
SET idle_in_transaction_session_timeout = 0;
SET client_encoding = 'UTF8';
SET standard_conforming_strings = on;
SELECT pg_catalog.set_config('search_path', '', false);
SET check_function_bodies = false;
SET xmloption = content;
SET client_min_messages = warning;
SET row_security = off;

SET default_tablespace = '';

SET default_table_access_method = heap;

--
-- Name: auth_group; Type: TABLE; Schema: public; Owner: postgres
--

CREATE TABLE public.auth_group (
    id integer NOT NULL,
    name character varying(150) NOT NULL
);


ALTER TABLE public.auth_group OWNER TO postgres;

--
-- Name: auth_group_id_seq; Type: SEQUENCE; Schema: public; Owner: postgres
--

ALTER TABLE public.auth_group ALTER COLUMN id ADD GENERATED BY DEFAULT AS IDENTITY (
    SEQUENCE NAME public.auth_group_id_seq
    START WITH 1
    INCREMENT BY 1
    NO MINVALUE
    NO MAXVALUE
    CACHE 1
);


--
-- Name: auth_group_permissions; Type: TABLE; Schema: public; Owner: postgres
--

CREATE TABLE public.auth_group_permissions (
    id bigint NOT NULL,
    group_id integer NOT NULL,
    permission_id integer NOT NULL
);


ALTER TABLE public.auth_group_permissions OWNER TO postgres;

--
-- Name: auth_group_permissions_id_seq; Type: SEQUENCE; Schema: public; Owner: postgres
--

ALTER TABLE public.auth_group_permissions ALTER COLUMN id ADD GENERATED BY DEFAULT AS IDENTITY (
    SEQUENCE NAME public.auth_group_permissions_id_seq
    START WITH 1
    INCREMENT BY 1
    NO MINVALUE
    NO MAXVALUE
    CACHE 1
);


--
-- Name: auth_permission; Type: TABLE; Schema: public; Owner: postgres
--

CREATE TABLE public.auth_permission (
    id integer NOT NULL,
    name character varying(255) NOT NULL,
    content_type_id integer NOT NULL,
    codename character varying(100) NOT NULL
);


ALTER TABLE public.auth_permission OWNER TO postgres;

--
-- Name: auth_permission_id_seq; Type: SEQUENCE; Schema: public; Owner: postgres
--

ALTER TABLE public.auth_permission ALTER COLUMN id ADD GENERATED BY DEFAULT AS IDENTITY (
    SEQUENCE NAME public.auth_permission_id_seq
    START WITH 1
    INCREMENT BY 1
    NO MINVALUE
    NO MAXVALUE
    CACHE 1
);


--
-- Name: auth_user; Type: TABLE; Schema: public; Owner: postgres
--

CREATE TABLE public.auth_user (
    id integer NOT NULL,
    password character varying(128) NOT NULL,
    last_login timestamp with time zone,
    is_superuser boolean NOT NULL,
    username character varying(150) NOT NULL,
    first_name character varying(150) NOT NULL,
    last_name character varying(150) NOT NULL,
    email character varying(254) NOT NULL,
    is_staff boolean NOT NULL,
    is_active boolean NOT NULL,
    date_joined timestamp with time zone NOT NULL
);


ALTER TABLE public.auth_user OWNER TO postgres;

--
-- Name: auth_user_groups; Type: TABLE; Schema: public; Owner: postgres
--

CREATE TABLE public.auth_user_groups (
    id bigint NOT NULL,
    user_id integer NOT NULL,
    group_id integer NOT NULL
);


ALTER TABLE public.auth_user_groups OWNER TO postgres;

--
-- Name: auth_user_groups_id_seq; Type: SEQUENCE; Schema: public; Owner: postgres
--

ALTER TABLE public.auth_user_groups ALTER COLUMN id ADD GENERATED BY DEFAULT AS IDENTITY (
    SEQUENCE NAME public.auth_user_groups_id_seq
    START WITH 1
    INCREMENT BY 1
    NO MINVALUE
    NO MAXVALUE
    CACHE 1
);


--
-- Name: auth_user_id_seq; Type: SEQUENCE; Schema: public; Owner: postgres
--

ALTER TABLE public.auth_user ALTER COLUMN id ADD GENERATED BY DEFAULT AS IDENTITY (
    SEQUENCE NAME public.auth_user_id_seq
    START WITH 1
    INCREMENT BY 1
    NO MINVALUE
    NO MAXVALUE
    CACHE 1
);


--
-- Name: auth_user_user_permissions; Type: TABLE; Schema: public; Owner: postgres
--

CREATE TABLE public.auth_user_user_permissions (
    id bigint NOT NULL,
    user_id integer NOT NULL,
    permission_id integer NOT NULL
);


ALTER TABLE public.auth_user_user_permissions OWNER TO postgres;

--
-- Name: auth_user_user_permissions_id_seq; Type: SEQUENCE; Schema: public; Owner: postgres
--

ALTER TABLE public.auth_user_user_permissions ALTER COLUMN id ADD GENERATED BY DEFAULT AS IDENTITY (
    SEQUENCE NAME public.auth_user_user_permissions_id_seq
    START WITH 1
    INCREMENT BY 1
    NO MINVALUE
    NO MAXVALUE
    CACHE 1
);


--
-- Name: django_admin_log; Type: TABLE; Schema: public; Owner: postgres
--

CREATE TABLE public.django_admin_log (
    id integer NOT NULL,
    action_time timestamp with time zone NOT NULL,
    object_id text,
    object_repr character varying(200) NOT NULL,
    action_flag smallint NOT NULL,
    change_message text NOT NULL,
    content_type_id integer,
    user_id integer NOT NULL,
    CONSTRAINT django_admin_log_action_flag_check CHECK ((action_flag >= 0))
);


ALTER TABLE public.django_admin_log OWNER TO postgres;

--
-- Name: django_admin_log_id_seq; Type: SEQUENCE; Schema: public; Owner: postgres
--

ALTER TABLE public.django_admin_log ALTER COLUMN id ADD GENERATED BY DEFAULT AS IDENTITY (
    SEQUENCE NAME public.django_admin_log_id_seq
    START WITH 1
    INCREMENT BY 1
    NO MINVALUE
    NO MAXVALUE
    CACHE 1
);


--
-- Name: django_content_type; Type: TABLE; Schema: public; Owner: postgres
--

CREATE TABLE public.django_content_type (
    id integer NOT NULL,
    app_label character varying(100) NOT NULL,
    model character varying(100) NOT NULL
);


ALTER TABLE public.django_content_type OWNER TO postgres;

--
-- Name: django_content_type_id_seq; Type: SEQUENCE; Schema: public; Owner: postgres
--

ALTER TABLE public.django_content_type ALTER COLUMN id ADD GENERATED BY DEFAULT AS IDENTITY (
    SEQUENCE NAME public.django_content_type_id_seq
    START WITH 1
    INCREMENT BY 1
    NO MINVALUE
    NO MAXVALUE
    CACHE 1
);


--
-- Name: django_migrations; Type: TABLE; Schema: public; Owner: postgres
--

CREATE TABLE public.django_migrations (
    id bigint NOT NULL,
    app character varying(255) NOT NULL,
    name character varying(255) NOT NULL,
    applied timestamp with time zone NOT NULL
);


ALTER TABLE public.django_migrations OWNER TO postgres;

--
-- Name: django_migrations_id_seq; Type: SEQUENCE; Schema: public; Owner: postgres
--

ALTER TABLE public.django_migrations ALTER COLUMN id ADD GENERATED BY DEFAULT AS IDENTITY (
    SEQUENCE NAME public.django_migrations_id_seq
    START WITH 1
    INCREMENT BY 1
    NO MINVALUE
    NO MAXVALUE
    CACHE 1
);


--
-- Name: django_session; Type: TABLE; Schema: public; Owner: postgres
--

CREATE TABLE public.django_session (
    session_key character varying(40) NOT NULL,
    session_data text NOT NULL,
    expire_date timestamp with time zone NOT NULL
);


ALTER TABLE public.django_session OWNER TO postgres;

--
-- Name: flight_aeroplane; Type: TABLE; Schema: public; Owner: postgres
--

CREATE TABLE public.flight_aeroplane (
    aero_id character varying(20) NOT NULL,
    aero_model character varying(30) NOT NULL,
    tot_first_class integer NOT NULL,
    tot_economy integer NOT NULL
);


ALTER TABLE public.flight_aeroplane OWNER TO postgres;

--
-- Name: flight_contact; Type: TABLE; Schema: public; Owner: postgres
--

CREATE TABLE public.flight_contact (
    num integer NOT NULL,
    mail character varying(254) NOT NULL,
    phone character varying(15) NOT NULL,
    msg character varying(150) NOT NULL,
    client_id integer NOT NULL
);


ALTER TABLE public.flight_contact OWNER TO postgres;

--
-- Name: flight_contact_num_seq; Type: SEQUENCE; Schema: public; Owner: postgres
--

ALTER TABLE public.flight_contact ALTER COLUMN num ADD GENERATED BY DEFAULT AS IDENTITY (
    SEQUENCE NAME public.flight_contact_num_seq
    START WITH 1
    INCREMENT BY 1
    NO MINVALUE
    NO MAXVALUE
    CACHE 1
);


--
-- Name: flight_flight; Type: TABLE; Schema: public; Owner: postgres
--

CREATE TABLE public.flight_flight (
    f_id integer NOT NULL,
    dest_airport character varying(50) NOT NULL,
    depart_airport character varying(50) NOT NULL,
    departure_time timestamp with time zone NOT NULL,
    duration integer NOT NULL,
    available_place integer NOT NULL,
    is_active boolean NOT NULL,
    aero_id_id character varying(20) NOT NULL
);


ALTER TABLE public.flight_flight OWNER TO postgres;

--
-- Name: flight_flight_f_id_seq; Type: SEQUENCE; Schema: public; Owner: postgres
--

ALTER TABLE public.flight_flight ALTER COLUMN f_id ADD GENERATED BY DEFAULT AS IDENTITY (
    SEQUENCE NAME public.flight_flight_f_id_seq
    START WITH 1
    INCREMENT BY 1
    NO MINVALUE
    NO MAXVALUE
    CACHE 1
);


--
-- Name: flight_payment; Type: TABLE; Schema: public; Owner: postgres
--

CREATE TABLE public.flight_payment (
    payment_id integer NOT NULL,
    amount double precision NOT NULL,
    date timestamp with time zone NOT NULL,
    payment_method character varying(50) NOT NULL,
    reservation_id_id integer NOT NULL
);


ALTER TABLE public.flight_payment OWNER TO postgres;

--
-- Name: flight_payment_payment_id_seq; Type: SEQUENCE; Schema: public; Owner: postgres
--

ALTER TABLE public.flight_payment ALTER COLUMN payment_id ADD GENERATED BY DEFAULT AS IDENTITY (
    SEQUENCE NAME public.flight_payment_payment_id_seq
    START WITH 1
    INCREMENT BY 1
    NO MINVALUE
    NO MAXVALUE
    CACHE 1
);


--
-- Name: flight_price; Type: TABLE; Schema: public; Owner: postgres
--

CREATE TABLE public.flight_price (
    id character varying(50) NOT NULL,
    class_type character varying(30) NOT NULL,
    valid_from timestamp with time zone NOT NULL,
    valid_to timestamp with time zone NOT NULL,
    price integer NOT NULL,
    flight_id_id integer NOT NULL
);


ALTER TABLE public.flight_price OWNER TO postgres;

--
-- Name: flight_reservation; Type: TABLE; Schema: public; Owner: postgres
--

CREATE TABLE public.flight_reservation (
    "reservationId" integer NOT NULL,
    ticket_categories character varying(25) NOT NULL,
    num_tickets integer NOT NULL,
    total_price double precision NOT NULL,
    is_paid boolean NOT NULL,
    flight_id_id integer NOT NULL,
    user_id_id integer NOT NULL
);


ALTER TABLE public.flight_reservation OWNER TO postgres;

--
-- Name: flight_reservation_reservationId_seq; Type: SEQUENCE; Schema: public; Owner: postgres
--

ALTER TABLE public.flight_reservation ALTER COLUMN "reservationId" ADD GENERATED BY DEFAULT AS IDENTITY (
    SEQUENCE NAME public."flight_reservation_reservationId_seq"
    START WITH 1
    INCREMENT BY 1
    NO MINVALUE
    NO MAXVALUE
    CACHE 1
);


--
-- Name: flight_stop; Type: TABLE; Schema: public; Owner: postgres
--

CREATE TABLE public.flight_stop (
    stop_id integer NOT NULL,
    airport_name character varying(50) NOT NULL,
    departure_time timestamp with time zone NOT NULL,
    arrival_time timestamp with time zone NOT NULL,
    flight_id_id integer NOT NULL
);


ALTER TABLE public.flight_stop OWNER TO postgres;

--
-- Name: flight_ticket; Type: TABLE; Schema: public; Owner: postgres
--

CREATE TABLE public.flight_ticket (
    ticket_id integer NOT NULL,
    ticket_class character varying(20) NOT NULL,
    price integer NOT NULL,
    purchase_date timestamp with time zone NOT NULL,
    seat_number integer NOT NULL,
    flight_id_id integer NOT NULL,
    user_id_id integer NOT NULL
);


ALTER TABLE public.flight_ticket OWNER TO postgres;

--
-- Name: flight_ticket_ticket_id_seq; Type: SEQUENCE; Schema: public; Owner: postgres
--

ALTER TABLE public.flight_ticket ALTER COLUMN ticket_id ADD GENERATED BY DEFAULT AS IDENTITY (
    SEQUENCE NAME public.flight_ticket_ticket_id_seq
    START WITH 1
    INCREMENT BY 1
    NO MINVALUE
    NO MAXVALUE
    CACHE 1
);


--
-- Name: flight_user; Type: TABLE; Schema: public; Owner: postgres
--

CREATE TABLE public.flight_user (
    user_id integer NOT NULL,
    username character varying(50) NOT NULL,
    password character varying(255) NOT NULL,
    first_name character varying(25) NOT NULL,
    last_name character varying(25) NOT NULL,
    email character varying(50) NOT NULL
);


ALTER TABLE public.flight_user OWNER TO postgres;

--
-- Name: flight_user_user_id_seq; Type: SEQUENCE; Schema: public; Owner: postgres
--

ALTER TABLE public.flight_user ALTER COLUMN user_id ADD GENERATED BY DEFAULT AS IDENTITY (
    SEQUENCE NAME public.flight_user_user_id_seq
    START WITH 1
    INCREMENT BY 1
    NO MINVALUE
    NO MAXVALUE
    CACHE 1
);


--
-- Data for Name: auth_group; Type: TABLE DATA; Schema: public; Owner: postgres
--

COPY public.auth_group (id, name) FROM stdin;
\.


--
-- Data for Name: auth_group_permissions; Type: TABLE DATA; Schema: public; Owner: postgres
--

COPY public.auth_group_permissions (id, group_id, permission_id) FROM stdin;
\.


--
-- Data for Name: auth_permission; Type: TABLE DATA; Schema: public; Owner: postgres
--

COPY public.auth_permission (id, name, content_type_id, codename) FROM stdin;
1	Can add log entry	1	add_logentry
2	Can change log entry	1	change_logentry
3	Can delete log entry	1	delete_logentry
4	Can view log entry	1	view_logentry
5	Can add permission	2	add_permission
6	Can change permission	2	change_permission
7	Can delete permission	2	delete_permission
8	Can view permission	2	view_permission
9	Can add group	3	add_group
10	Can change group	3	change_group
11	Can delete group	3	delete_group
12	Can view group	3	view_group
13	Can add user	4	add_user
14	Can change user	4	change_user
15	Can delete user	4	delete_user
16	Can view user	4	view_user
17	Can add content type	5	add_contenttype
18	Can change content type	5	change_contenttype
19	Can delete content type	5	delete_contenttype
20	Can view content type	5	view_contenttype
21	Can add session	6	add_session
22	Can change session	6	change_session
23	Can delete session	6	delete_session
24	Can view session	6	view_session
25	Can add aeroplane	7	add_aeroplane
26	Can change aeroplane	7	change_aeroplane
27	Can delete aeroplane	7	delete_aeroplane
28	Can view aeroplane	7	view_aeroplane
29	Can add user	8	add_user
30	Can change user	8	change_user
31	Can delete user	8	delete_user
32	Can view user	8	view_user
33	Can add flight	9	add_flight
34	Can change flight	9	change_flight
35	Can delete flight	9	delete_flight
36	Can view flight	9	view_flight
37	Can add price	10	add_price
38	Can change price	10	change_price
39	Can delete price	10	delete_price
40	Can view price	10	view_price
41	Can add reservation	11	add_reservation
42	Can change reservation	11	change_reservation
43	Can delete reservation	11	delete_reservation
44	Can view reservation	11	view_reservation
45	Can add payment	12	add_payment
46	Can change payment	12	change_payment
47	Can delete payment	12	delete_payment
48	Can view payment	12	view_payment
49	Can add stop	13	add_stop
50	Can change stop	13	change_stop
51	Can delete stop	13	delete_stop
52	Can view stop	13	view_stop
53	Can add ticket	14	add_ticket
54	Can change ticket	14	change_ticket
55	Can delete ticket	14	delete_ticket
56	Can view ticket	14	view_ticket
57	Can add contact	15	add_contact
58	Can change contact	15	change_contact
59	Can delete contact	15	delete_contact
60	Can view contact	15	view_contact
\.


--
-- Data for Name: auth_user; Type: TABLE DATA; Schema: public; Owner: postgres
--

COPY public.auth_user (id, password, last_login, is_superuser, username, first_name, last_name, email, is_staff, is_active, date_joined) FROM stdin;
1	pbkdf2_sha256$720000$Qh5XbvFkJpwhDTQzloMUV6$iGnA5K/QtmyP5itpixu0lYN2uOIeLDVj/bI+MfdvmdQ=	\N	t	lastrat				t	t	2024-05-31 22:50:34.957273+02
2	pbkdf2_sha256$720000$tjqq7OhZa4aAXqcN3J7Cxb$YUyaFAWGNV7+iLBUVLOWnwmbcrssgfMByaKaqv9Ag8c=	2024-05-31 22:52:01.843197+02	t	prince				t	t	2024-05-31 22:51:23.704651+02
\.


--
-- Data for Name: auth_user_groups; Type: TABLE DATA; Schema: public; Owner: postgres
--

COPY public.auth_user_groups (id, user_id, group_id) FROM stdin;
\.


--
-- Data for Name: auth_user_user_permissions; Type: TABLE DATA; Schema: public; Owner: postgres
--

COPY public.auth_user_user_permissions (id, user_id, permission_id) FROM stdin;
\.


--
-- Data for Name: django_admin_log; Type: TABLE DATA; Schema: public; Owner: postgres
--

COPY public.django_admin_log (id, action_time, object_id, object_repr, action_flag, change_message, content_type_id, user_id) FROM stdin;
1	2024-05-31 22:53:53.322296+02	Plane01	Plane01: Airbus Aircraft 31	1	[{"added": {}}]	7	2
2	2024-05-31 22:54:19.346371+02	Plane02	Plane02: Airbus Aircraft A20	1	[{"added": {}}]	7	2
3	2024-05-31 22:54:54.964537+02	Plane03	Plane03: Airbus Aircraft A250	1	[{"added": {}}]	7	2
4	2024-05-31 22:55:52.240104+02	1	1: Yaounde-Cameroun ==> Paris-France	1	[{"added": {}}]	9	2
5	2024-05-31 22:56:48.446156+02	2	2: Yaounde-Cameroun ==> Tokyo - Japan	1	[{"added": {}}]	9	2
6	2024-05-31 22:58:16.85584+02	3	3: Paris - France ==> Rio de Janero - Brasil	1	[{"added": {}}]	9	2
7	2024-05-31 23:01:53.197017+02	1	1 : Douala - Cameroun ==> 2024-06-19 08:42:19+00:00	1	[{"added": {}}]	13	2
8	2024-05-31 23:04:09.839223+02	2	2 : Seoul - Korea ==> 2024-06-03 14:03:41+00:00	1	[{"added": {}}]	13	2
9	2024-05-31 23:07:41.476906+02	Price 1	Price 1 : first ==> 1000	1	[{"added": {}}]	10	2
10	2024-05-31 23:08:51.406639+02	price 2	price 2 : economy ==> 500	1	[{"added": {}}]	10	2
11	2024-05-31 23:11:39.386559+02	3	3 : first ==> 2000	1	[{"added": {}}]	10	2
12	2024-05-31 23:12:08.640295+02	4	4 : economy ==> 1500	1	[{"added": {}}]	10	2
13	2024-05-31 23:12:30.61039+02	5	5 : first ==> 2500	1	[{"added": {}}]	10	2
14	2024-05-31 23:12:49.412832+02	6	6 : economy ==> 2000	1	[{"added": {}}]	10	2
\.


--
-- Data for Name: django_content_type; Type: TABLE DATA; Schema: public; Owner: postgres
--

COPY public.django_content_type (id, app_label, model) FROM stdin;
1	admin	logentry
2	auth	permission
3	auth	group
4	auth	user
5	contenttypes	contenttype
6	sessions	session
7	flight	aeroplane
8	flight	user
9	flight	flight
10	flight	price
11	flight	reservation
12	flight	payment
13	flight	stop
14	flight	ticket
15	flight	contact
\.


--
-- Data for Name: django_migrations; Type: TABLE DATA; Schema: public; Owner: postgres
--

COPY public.django_migrations (id, app, name, applied) FROM stdin;
1	contenttypes	0001_initial	2024-05-31 22:50:07.247342+02
2	auth	0001_initial	2024-05-31 22:50:07.447782+02
3	admin	0001_initial	2024-05-31 22:50:07.509617+02
4	admin	0002_logentry_remove_auto_add	2024-05-31 22:50:07.53455+02
5	admin	0003_logentry_add_action_flag_choices	2024-05-31 22:50:07.559453+02
6	contenttypes	0002_remove_content_type_name	2024-05-31 22:50:07.621278+02
7	auth	0002_alter_permission_name_max_length	2024-05-31 22:50:07.647248+02
8	auth	0003_alter_user_email_max_length	2024-05-31 22:50:07.672203+02
9	auth	0004_alter_user_username_opts	2024-05-31 22:50:07.696089+02
10	auth	0005_alter_user_last_login_null	2024-05-31 22:50:07.724012+02
11	auth	0006_require_contenttypes_0002	2024-05-31 22:50:07.728996+02
12	auth	0007_alter_validators_add_error_messages	2024-05-31 22:50:07.756975+02
13	auth	0008_alter_user_username_max_length	2024-05-31 22:50:07.798863+02
14	auth	0009_alter_user_last_name_max_length	2024-05-31 22:50:07.823741+02
15	auth	0010_alter_group_name_max_length	2024-05-31 22:50:07.851724+02
16	auth	0011_update_proxy_permissions	2024-05-31 22:50:07.875661+02
17	auth	0012_alter_user_first_name_max_length	2024-05-31 22:50:07.899546+02
18	flight	0001_initial	2024-05-31 22:50:08.229653+02
19	sessions	0001_initial	2024-05-31 22:50:08.263599+02
\.


--
-- Data for Name: django_session; Type: TABLE DATA; Schema: public; Owner: postgres
--

COPY public.django_session (session_key, session_data, expire_date) FROM stdin;
n4339k9j2v0tc0eyz3rah9zwjysqqflu	.eJxVjssOgyAURP-FtTF4UVCX3fcbzAUuSh-QAK6a_nsxMWm7nTNzMi-24F62Zc-UFm_ZzIA1v5lGc6dwAHvDsMbWxFCS1-1RaU-a22u09Lic3T_BhnmrawIJtu84TKCcsJ0xTirTE5duGKdRKzWMXc8HCVoIoaUxnCYcQLpeIihepYcu4JOq7YG5JCy0eqrAfZ-HyGZoWPH1SamZ8ykX9v4A5-BJzQ:1sD9ao:QqiRi20eQg7cZOKvKrR0HMpa5PQKRgarQ9ZPvyYPHc0	2024-06-14 23:15:18.164816+02
\.


--
-- Data for Name: flight_aeroplane; Type: TABLE DATA; Schema: public; Owner: postgres
--

COPY public.flight_aeroplane (aero_id, aero_model, tot_first_class, tot_economy) FROM stdin;
Plane01	Airbus Aircraft 31	50	50
Plane02	Airbus Aircraft A20	40	60
Plane03	Airbus Aircraft A250	55	45
\.


--
-- Data for Name: flight_contact; Type: TABLE DATA; Schema: public; Owner: postgres
--

COPY public.flight_contact (num, mail, phone, msg, client_id) FROM stdin;
\.


--
-- Data for Name: flight_flight; Type: TABLE DATA; Schema: public; Owner: postgres
--

COPY public.flight_flight (f_id, dest_airport, depart_airport, departure_time, duration, available_place, is_active, aero_id_id) FROM stdin;
1	Paris-France	Yaounde-Cameroun	2024-06-19 09:42:19+02	12	100	t	Plane01
3	Rio de Janero - Brasil	Paris - France	2024-06-07 21:42:19+02	13	100	t	Plane03
2	Tokyo - Japan	Yaounde-Cameroun	2024-06-03 09:42:00+02	14	98	t	Plane02
\.


--
-- Data for Name: flight_payment; Type: TABLE DATA; Schema: public; Owner: postgres
--

COPY public.flight_payment (payment_id, amount, date, payment_method, reservation_id_id) FROM stdin;
1	4000	2024-05-31 23:15:50.774072+02	Card CC	1
\.


--
-- Data for Name: flight_price; Type: TABLE DATA; Schema: public; Owner: postgres
--

COPY public.flight_price (id, class_type, valid_from, valid_to, price, flight_id_id) FROM stdin;
Price 1	first	2024-05-31 17:39:02+02	2024-06-22 17:39:13+02	1000	1
price 2	economy	2024-05-31 17:39:02+02	2024-06-22 17:39:13+02	500	1
3	first	2024-05-31 17:39:02+02	2024-06-22 17:39:13+02	2000	2
4	economy	2024-05-31 17:39:02+02	2024-06-22 17:39:13+02	1500	2
5	first	2024-05-31 17:39:02+02	2024-06-22 17:39:13+02	2500	3
6	economy	2024-05-31 17:39:02+02	2024-06-22 17:39:13+02	2000	3
\.


--
-- Data for Name: flight_reservation; Type: TABLE DATA; Schema: public; Owner: postgres
--

COPY public.flight_reservation ("reservationId", ticket_categories, num_tickets, total_price, is_paid, flight_id_id, user_id_id) FROM stdin;
1	first	2	4000	t	2	1
\.


--
-- Data for Name: flight_stop; Type: TABLE DATA; Schema: public; Owner: postgres
--

COPY public.flight_stop (stop_id, airport_name, departure_time, arrival_time, flight_id_id) FROM stdin;
1	Douala - Cameroun	2024-06-19 12:00:00+02	2024-06-19 10:42:19+02	1
2	Seoul - Korea	2024-06-03 17:00:00+02	2024-06-03 16:03:41+02	2
\.


--
-- Data for Name: flight_ticket; Type: TABLE DATA; Schema: public; Owner: postgres
--

COPY public.flight_ticket (ticket_id, ticket_class, price, purchase_date, seat_number, flight_id_id, user_id_id) FROM stdin;
\.


--
-- Data for Name: flight_user; Type: TABLE DATA; Schema: public; Owner: postgres
--

COPY public.flight_user (user_id, username, password, first_name, last_name, email) FROM stdin;
1	lastrategie	1234	simo	rochinel	simosimogildas@gmail.com
\.


--
-- Name: auth_group_id_seq; Type: SEQUENCE SET; Schema: public; Owner: postgres
--

SELECT pg_catalog.setval('public.auth_group_id_seq', 1, false);


--
-- Name: auth_group_permissions_id_seq; Type: SEQUENCE SET; Schema: public; Owner: postgres
--

SELECT pg_catalog.setval('public.auth_group_permissions_id_seq', 1, false);


--
-- Name: auth_permission_id_seq; Type: SEQUENCE SET; Schema: public; Owner: postgres
--

SELECT pg_catalog.setval('public.auth_permission_id_seq', 60, true);


--
-- Name: auth_user_groups_id_seq; Type: SEQUENCE SET; Schema: public; Owner: postgres
--

SELECT pg_catalog.setval('public.auth_user_groups_id_seq', 1, false);


--
-- Name: auth_user_id_seq; Type: SEQUENCE SET; Schema: public; Owner: postgres
--

SELECT pg_catalog.setval('public.auth_user_id_seq', 2, true);


--
-- Name: auth_user_user_permissions_id_seq; Type: SEQUENCE SET; Schema: public; Owner: postgres
--

SELECT pg_catalog.setval('public.auth_user_user_permissions_id_seq', 1, false);


--
-- Name: django_admin_log_id_seq; Type: SEQUENCE SET; Schema: public; Owner: postgres
--

SELECT pg_catalog.setval('public.django_admin_log_id_seq', 14, true);


--
-- Name: django_content_type_id_seq; Type: SEQUENCE SET; Schema: public; Owner: postgres
--

SELECT pg_catalog.setval('public.django_content_type_id_seq', 15, true);


--
-- Name: django_migrations_id_seq; Type: SEQUENCE SET; Schema: public; Owner: postgres
--

SELECT pg_catalog.setval('public.django_migrations_id_seq', 19, true);


--
-- Name: flight_contact_num_seq; Type: SEQUENCE SET; Schema: public; Owner: postgres
--

SELECT pg_catalog.setval('public.flight_contact_num_seq', 1, false);


--
-- Name: flight_flight_f_id_seq; Type: SEQUENCE SET; Schema: public; Owner: postgres
--

SELECT pg_catalog.setval('public.flight_flight_f_id_seq', 3, true);


--
-- Name: flight_payment_payment_id_seq; Type: SEQUENCE SET; Schema: public; Owner: postgres
--

SELECT pg_catalog.setval('public.flight_payment_payment_id_seq', 1, true);


--
-- Name: flight_reservation_reservationId_seq; Type: SEQUENCE SET; Schema: public; Owner: postgres
--

SELECT pg_catalog.setval('public."flight_reservation_reservationId_seq"', 1, true);


--
-- Name: flight_ticket_ticket_id_seq; Type: SEQUENCE SET; Schema: public; Owner: postgres
--

SELECT pg_catalog.setval('public.flight_ticket_ticket_id_seq', 1, false);


--
-- Name: flight_user_user_id_seq; Type: SEQUENCE SET; Schema: public; Owner: postgres
--

SELECT pg_catalog.setval('public.flight_user_user_id_seq', 1, true);


--
-- Name: auth_group auth_group_name_key; Type: CONSTRAINT; Schema: public; Owner: postgres
--

ALTER TABLE ONLY public.auth_group
    ADD CONSTRAINT auth_group_name_key UNIQUE (name);


--
-- Name: auth_group_permissions auth_group_permissions_group_id_permission_id_0cd325b0_uniq; Type: CONSTRAINT; Schema: public; Owner: postgres
--

ALTER TABLE ONLY public.auth_group_permissions
    ADD CONSTRAINT auth_group_permissions_group_id_permission_id_0cd325b0_uniq UNIQUE (group_id, permission_id);


--
-- Name: auth_group_permissions auth_group_permissions_pkey; Type: CONSTRAINT; Schema: public; Owner: postgres
--

ALTER TABLE ONLY public.auth_group_permissions
    ADD CONSTRAINT auth_group_permissions_pkey PRIMARY KEY (id);


--
-- Name: auth_group auth_group_pkey; Type: CONSTRAINT; Schema: public; Owner: postgres
--

ALTER TABLE ONLY public.auth_group
    ADD CONSTRAINT auth_group_pkey PRIMARY KEY (id);


--
-- Name: auth_permission auth_permission_content_type_id_codename_01ab375a_uniq; Type: CONSTRAINT; Schema: public; Owner: postgres
--

ALTER TABLE ONLY public.auth_permission
    ADD CONSTRAINT auth_permission_content_type_id_codename_01ab375a_uniq UNIQUE (content_type_id, codename);


--
-- Name: auth_permission auth_permission_pkey; Type: CONSTRAINT; Schema: public; Owner: postgres
--

ALTER TABLE ONLY public.auth_permission
    ADD CONSTRAINT auth_permission_pkey PRIMARY KEY (id);


--
-- Name: auth_user_groups auth_user_groups_pkey; Type: CONSTRAINT; Schema: public; Owner: postgres
--

ALTER TABLE ONLY public.auth_user_groups
    ADD CONSTRAINT auth_user_groups_pkey PRIMARY KEY (id);


--
-- Name: auth_user_groups auth_user_groups_user_id_group_id_94350c0c_uniq; Type: CONSTRAINT; Schema: public; Owner: postgres
--

ALTER TABLE ONLY public.auth_user_groups
    ADD CONSTRAINT auth_user_groups_user_id_group_id_94350c0c_uniq UNIQUE (user_id, group_id);


--
-- Name: auth_user auth_user_pkey; Type: CONSTRAINT; Schema: public; Owner: postgres
--

ALTER TABLE ONLY public.auth_user
    ADD CONSTRAINT auth_user_pkey PRIMARY KEY (id);


--
-- Name: auth_user_user_permissions auth_user_user_permissions_pkey; Type: CONSTRAINT; Schema: public; Owner: postgres
--

ALTER TABLE ONLY public.auth_user_user_permissions
    ADD CONSTRAINT auth_user_user_permissions_pkey PRIMARY KEY (id);


--
-- Name: auth_user_user_permissions auth_user_user_permissions_user_id_permission_id_14a6b632_uniq; Type: CONSTRAINT; Schema: public; Owner: postgres
--

ALTER TABLE ONLY public.auth_user_user_permissions
    ADD CONSTRAINT auth_user_user_permissions_user_id_permission_id_14a6b632_uniq UNIQUE (user_id, permission_id);


--
-- Name: auth_user auth_user_username_key; Type: CONSTRAINT; Schema: public; Owner: postgres
--

ALTER TABLE ONLY public.auth_user
    ADD CONSTRAINT auth_user_username_key UNIQUE (username);


--
-- Name: django_admin_log django_admin_log_pkey; Type: CONSTRAINT; Schema: public; Owner: postgres
--

ALTER TABLE ONLY public.django_admin_log
    ADD CONSTRAINT django_admin_log_pkey PRIMARY KEY (id);


--
-- Name: django_content_type django_content_type_app_label_model_76bd3d3b_uniq; Type: CONSTRAINT; Schema: public; Owner: postgres
--

ALTER TABLE ONLY public.django_content_type
    ADD CONSTRAINT django_content_type_app_label_model_76bd3d3b_uniq UNIQUE (app_label, model);


--
-- Name: django_content_type django_content_type_pkey; Type: CONSTRAINT; Schema: public; Owner: postgres
--

ALTER TABLE ONLY public.django_content_type
    ADD CONSTRAINT django_content_type_pkey PRIMARY KEY (id);


--
-- Name: django_migrations django_migrations_pkey; Type: CONSTRAINT; Schema: public; Owner: postgres
--

ALTER TABLE ONLY public.django_migrations
    ADD CONSTRAINT django_migrations_pkey PRIMARY KEY (id);


--
-- Name: django_session django_session_pkey; Type: CONSTRAINT; Schema: public; Owner: postgres
--

ALTER TABLE ONLY public.django_session
    ADD CONSTRAINT django_session_pkey PRIMARY KEY (session_key);


--
-- Name: flight_aeroplane flight_aeroplane_pkey; Type: CONSTRAINT; Schema: public; Owner: postgres
--

ALTER TABLE ONLY public.flight_aeroplane
    ADD CONSTRAINT flight_aeroplane_pkey PRIMARY KEY (aero_id);


--
-- Name: flight_contact flight_contact_pkey; Type: CONSTRAINT; Schema: public; Owner: postgres
--

ALTER TABLE ONLY public.flight_contact
    ADD CONSTRAINT flight_contact_pkey PRIMARY KEY (num);


--
-- Name: flight_flight flight_flight_pkey; Type: CONSTRAINT; Schema: public; Owner: postgres
--

ALTER TABLE ONLY public.flight_flight
    ADD CONSTRAINT flight_flight_pkey PRIMARY KEY (f_id);


--
-- Name: flight_payment flight_payment_pkey; Type: CONSTRAINT; Schema: public; Owner: postgres
--

ALTER TABLE ONLY public.flight_payment
    ADD CONSTRAINT flight_payment_pkey PRIMARY KEY (payment_id);


--
-- Name: flight_price flight_price_pkey; Type: CONSTRAINT; Schema: public; Owner: postgres
--

ALTER TABLE ONLY public.flight_price
    ADD CONSTRAINT flight_price_pkey PRIMARY KEY (id);


--
-- Name: flight_reservation flight_reservation_pkey; Type: CONSTRAINT; Schema: public; Owner: postgres
--

ALTER TABLE ONLY public.flight_reservation
    ADD CONSTRAINT flight_reservation_pkey PRIMARY KEY ("reservationId");


--
-- Name: flight_stop flight_stop_pkey; Type: CONSTRAINT; Schema: public; Owner: postgres
--

ALTER TABLE ONLY public.flight_stop
    ADD CONSTRAINT flight_stop_pkey PRIMARY KEY (stop_id);


--
-- Name: flight_ticket flight_ticket_pkey; Type: CONSTRAINT; Schema: public; Owner: postgres
--

ALTER TABLE ONLY public.flight_ticket
    ADD CONSTRAINT flight_ticket_pkey PRIMARY KEY (ticket_id);


--
-- Name: flight_user flight_user_pkey; Type: CONSTRAINT; Schema: public; Owner: postgres
--

ALTER TABLE ONLY public.flight_user
    ADD CONSTRAINT flight_user_pkey PRIMARY KEY (user_id);


--
-- Name: auth_group_name_a6ea08ec_like; Type: INDEX; Schema: public; Owner: postgres
--

CREATE INDEX auth_group_name_a6ea08ec_like ON public.auth_group USING btree (name varchar_pattern_ops);


--
-- Name: auth_group_permissions_group_id_b120cbf9; Type: INDEX; Schema: public; Owner: postgres
--

CREATE INDEX auth_group_permissions_group_id_b120cbf9 ON public.auth_group_permissions USING btree (group_id);


--
-- Name: auth_group_permissions_permission_id_84c5c92e; Type: INDEX; Schema: public; Owner: postgres
--

CREATE INDEX auth_group_permissions_permission_id_84c5c92e ON public.auth_group_permissions USING btree (permission_id);


--
-- Name: auth_permission_content_type_id_2f476e4b; Type: INDEX; Schema: public; Owner: postgres
--

CREATE INDEX auth_permission_content_type_id_2f476e4b ON public.auth_permission USING btree (content_type_id);


--
-- Name: auth_user_groups_group_id_97559544; Type: INDEX; Schema: public; Owner: postgres
--

CREATE INDEX auth_user_groups_group_id_97559544 ON public.auth_user_groups USING btree (group_id);


--
-- Name: auth_user_groups_user_id_6a12ed8b; Type: INDEX; Schema: public; Owner: postgres
--

CREATE INDEX auth_user_groups_user_id_6a12ed8b ON public.auth_user_groups USING btree (user_id);


--
-- Name: auth_user_user_permissions_permission_id_1fbb5f2c; Type: INDEX; Schema: public; Owner: postgres
--

CREATE INDEX auth_user_user_permissions_permission_id_1fbb5f2c ON public.auth_user_user_permissions USING btree (permission_id);


--
-- Name: auth_user_user_permissions_user_id_a95ead1b; Type: INDEX; Schema: public; Owner: postgres
--

CREATE INDEX auth_user_user_permissions_user_id_a95ead1b ON public.auth_user_user_permissions USING btree (user_id);


--
-- Name: auth_user_username_6821ab7c_like; Type: INDEX; Schema: public; Owner: postgres
--

CREATE INDEX auth_user_username_6821ab7c_like ON public.auth_user USING btree (username varchar_pattern_ops);


--
-- Name: django_admin_log_content_type_id_c4bce8eb; Type: INDEX; Schema: public; Owner: postgres
--

CREATE INDEX django_admin_log_content_type_id_c4bce8eb ON public.django_admin_log USING btree (content_type_id);


--
-- Name: django_admin_log_user_id_c564eba6; Type: INDEX; Schema: public; Owner: postgres
--

CREATE INDEX django_admin_log_user_id_c564eba6 ON public.django_admin_log USING btree (user_id);


--
-- Name: django_session_expire_date_a5c62663; Type: INDEX; Schema: public; Owner: postgres
--

CREATE INDEX django_session_expire_date_a5c62663 ON public.django_session USING btree (expire_date);


--
-- Name: django_session_session_key_c0390e0f_like; Type: INDEX; Schema: public; Owner: postgres
--

CREATE INDEX django_session_session_key_c0390e0f_like ON public.django_session USING btree (session_key varchar_pattern_ops);


--
-- Name: flight_aeroplane_aero_id_7bb0a83c_like; Type: INDEX; Schema: public; Owner: postgres
--

CREATE INDEX flight_aeroplane_aero_id_7bb0a83c_like ON public.flight_aeroplane USING btree (aero_id varchar_pattern_ops);


--
-- Name: flight_contact_client_id_a501defa; Type: INDEX; Schema: public; Owner: postgres
--

CREATE INDEX flight_contact_client_id_a501defa ON public.flight_contact USING btree (client_id);


--
-- Name: flight_flight_aero_id_id_c1e1fe44; Type: INDEX; Schema: public; Owner: postgres
--

CREATE INDEX flight_flight_aero_id_id_c1e1fe44 ON public.flight_flight USING btree (aero_id_id);


--
-- Name: flight_flight_aero_id_id_c1e1fe44_like; Type: INDEX; Schema: public; Owner: postgres
--

CREATE INDEX flight_flight_aero_id_id_c1e1fe44_like ON public.flight_flight USING btree (aero_id_id varchar_pattern_ops);


--
-- Name: flight_payment_reservation_id_id_115357b1; Type: INDEX; Schema: public; Owner: postgres
--

CREATE INDEX flight_payment_reservation_id_id_115357b1 ON public.flight_payment USING btree (reservation_id_id);


--
-- Name: flight_price_flight_id_id_9d44345d; Type: INDEX; Schema: public; Owner: postgres
--

CREATE INDEX flight_price_flight_id_id_9d44345d ON public.flight_price USING btree (flight_id_id);


--
-- Name: flight_price_id_040d25af_like; Type: INDEX; Schema: public; Owner: postgres
--

CREATE INDEX flight_price_id_040d25af_like ON public.flight_price USING btree (id varchar_pattern_ops);


--
-- Name: flight_reservation_flight_id_id_02f670fa; Type: INDEX; Schema: public; Owner: postgres
--

CREATE INDEX flight_reservation_flight_id_id_02f670fa ON public.flight_reservation USING btree (flight_id_id);


--
-- Name: flight_reservation_user_id_id_97f9759f; Type: INDEX; Schema: public; Owner: postgres
--

CREATE INDEX flight_reservation_user_id_id_97f9759f ON public.flight_reservation USING btree (user_id_id);


--
-- Name: flight_stop_flight_id_id_2cc7c317; Type: INDEX; Schema: public; Owner: postgres
--

CREATE INDEX flight_stop_flight_id_id_2cc7c317 ON public.flight_stop USING btree (flight_id_id);


--
-- Name: flight_ticket_flight_id_id_f2dc0017; Type: INDEX; Schema: public; Owner: postgres
--

CREATE INDEX flight_ticket_flight_id_id_f2dc0017 ON public.flight_ticket USING btree (flight_id_id);


--
-- Name: flight_ticket_user_id_id_d74d4f24; Type: INDEX; Schema: public; Owner: postgres
--

CREATE INDEX flight_ticket_user_id_id_d74d4f24 ON public.flight_ticket USING btree (user_id_id);


--
-- Name: auth_group_permissions auth_group_permissio_permission_id_84c5c92e_fk_auth_perm; Type: FK CONSTRAINT; Schema: public; Owner: postgres
--

ALTER TABLE ONLY public.auth_group_permissions
    ADD CONSTRAINT auth_group_permissio_permission_id_84c5c92e_fk_auth_perm FOREIGN KEY (permission_id) REFERENCES public.auth_permission(id) DEFERRABLE INITIALLY DEFERRED;


--
-- Name: auth_group_permissions auth_group_permissions_group_id_b120cbf9_fk_auth_group_id; Type: FK CONSTRAINT; Schema: public; Owner: postgres
--

ALTER TABLE ONLY public.auth_group_permissions
    ADD CONSTRAINT auth_group_permissions_group_id_b120cbf9_fk_auth_group_id FOREIGN KEY (group_id) REFERENCES public.auth_group(id) DEFERRABLE INITIALLY DEFERRED;


--
-- Name: auth_permission auth_permission_content_type_id_2f476e4b_fk_django_co; Type: FK CONSTRAINT; Schema: public; Owner: postgres
--

ALTER TABLE ONLY public.auth_permission
    ADD CONSTRAINT auth_permission_content_type_id_2f476e4b_fk_django_co FOREIGN KEY (content_type_id) REFERENCES public.django_content_type(id) DEFERRABLE INITIALLY DEFERRED;


--
-- Name: auth_user_groups auth_user_groups_group_id_97559544_fk_auth_group_id; Type: FK CONSTRAINT; Schema: public; Owner: postgres
--

ALTER TABLE ONLY public.auth_user_groups
    ADD CONSTRAINT auth_user_groups_group_id_97559544_fk_auth_group_id FOREIGN KEY (group_id) REFERENCES public.auth_group(id) DEFERRABLE INITIALLY DEFERRED;


--
-- Name: auth_user_groups auth_user_groups_user_id_6a12ed8b_fk_auth_user_id; Type: FK CONSTRAINT; Schema: public; Owner: postgres
--

ALTER TABLE ONLY public.auth_user_groups
    ADD CONSTRAINT auth_user_groups_user_id_6a12ed8b_fk_auth_user_id FOREIGN KEY (user_id) REFERENCES public.auth_user(id) DEFERRABLE INITIALLY DEFERRED;


--
-- Name: auth_user_user_permissions auth_user_user_permi_permission_id_1fbb5f2c_fk_auth_perm; Type: FK CONSTRAINT; Schema: public; Owner: postgres
--

ALTER TABLE ONLY public.auth_user_user_permissions
    ADD CONSTRAINT auth_user_user_permi_permission_id_1fbb5f2c_fk_auth_perm FOREIGN KEY (permission_id) REFERENCES public.auth_permission(id) DEFERRABLE INITIALLY DEFERRED;


--
-- Name: auth_user_user_permissions auth_user_user_permissions_user_id_a95ead1b_fk_auth_user_id; Type: FK CONSTRAINT; Schema: public; Owner: postgres
--

ALTER TABLE ONLY public.auth_user_user_permissions
    ADD CONSTRAINT auth_user_user_permissions_user_id_a95ead1b_fk_auth_user_id FOREIGN KEY (user_id) REFERENCES public.auth_user(id) DEFERRABLE INITIALLY DEFERRED;


--
-- Name: django_admin_log django_admin_log_content_type_id_c4bce8eb_fk_django_co; Type: FK CONSTRAINT; Schema: public; Owner: postgres
--

ALTER TABLE ONLY public.django_admin_log
    ADD CONSTRAINT django_admin_log_content_type_id_c4bce8eb_fk_django_co FOREIGN KEY (content_type_id) REFERENCES public.django_content_type(id) DEFERRABLE INITIALLY DEFERRED;


--
-- Name: django_admin_log django_admin_log_user_id_c564eba6_fk_auth_user_id; Type: FK CONSTRAINT; Schema: public; Owner: postgres
--

ALTER TABLE ONLY public.django_admin_log
    ADD CONSTRAINT django_admin_log_user_id_c564eba6_fk_auth_user_id FOREIGN KEY (user_id) REFERENCES public.auth_user(id) DEFERRABLE INITIALLY DEFERRED;


--
-- Name: flight_contact flight_contact_client_id_a501defa_fk_flight_user_user_id; Type: FK CONSTRAINT; Schema: public; Owner: postgres
--

ALTER TABLE ONLY public.flight_contact
    ADD CONSTRAINT flight_contact_client_id_a501defa_fk_flight_user_user_id FOREIGN KEY (client_id) REFERENCES public.flight_user(user_id) DEFERRABLE INITIALLY DEFERRED;


--
-- Name: flight_flight flight_flight_aero_id_id_c1e1fe44_fk_flight_aeroplane_aero_id; Type: FK CONSTRAINT; Schema: public; Owner: postgres
--

ALTER TABLE ONLY public.flight_flight
    ADD CONSTRAINT flight_flight_aero_id_id_c1e1fe44_fk_flight_aeroplane_aero_id FOREIGN KEY (aero_id_id) REFERENCES public.flight_aeroplane(aero_id) DEFERRABLE INITIALLY DEFERRED;


--
-- Name: flight_payment flight_payment_reservation_id_id_115357b1_fk_flight_re; Type: FK CONSTRAINT; Schema: public; Owner: postgres
--

ALTER TABLE ONLY public.flight_payment
    ADD CONSTRAINT flight_payment_reservation_id_id_115357b1_fk_flight_re FOREIGN KEY (reservation_id_id) REFERENCES public.flight_reservation("reservationId") DEFERRABLE INITIALLY DEFERRED;


--
-- Name: flight_price flight_price_flight_id_id_9d44345d_fk_flight_flight_f_id; Type: FK CONSTRAINT; Schema: public; Owner: postgres
--

ALTER TABLE ONLY public.flight_price
    ADD CONSTRAINT flight_price_flight_id_id_9d44345d_fk_flight_flight_f_id FOREIGN KEY (flight_id_id) REFERENCES public.flight_flight(f_id) DEFERRABLE INITIALLY DEFERRED;


--
-- Name: flight_reservation flight_reservation_flight_id_id_02f670fa_fk_flight_flight_f_id; Type: FK CONSTRAINT; Schema: public; Owner: postgres
--

ALTER TABLE ONLY public.flight_reservation
    ADD CONSTRAINT flight_reservation_flight_id_id_02f670fa_fk_flight_flight_f_id FOREIGN KEY (flight_id_id) REFERENCES public.flight_flight(f_id) DEFERRABLE INITIALLY DEFERRED;


--
-- Name: flight_reservation flight_reservation_user_id_id_97f9759f_fk_flight_user_user_id; Type: FK CONSTRAINT; Schema: public; Owner: postgres
--

ALTER TABLE ONLY public.flight_reservation
    ADD CONSTRAINT flight_reservation_user_id_id_97f9759f_fk_flight_user_user_id FOREIGN KEY (user_id_id) REFERENCES public.flight_user(user_id) DEFERRABLE INITIALLY DEFERRED;


--
-- Name: flight_stop flight_stop_flight_id_id_2cc7c317_fk_flight_flight_f_id; Type: FK CONSTRAINT; Schema: public; Owner: postgres
--

ALTER TABLE ONLY public.flight_stop
    ADD CONSTRAINT flight_stop_flight_id_id_2cc7c317_fk_flight_flight_f_id FOREIGN KEY (flight_id_id) REFERENCES public.flight_flight(f_id) DEFERRABLE INITIALLY DEFERRED;


--
-- Name: flight_ticket flight_ticket_flight_id_id_f2dc0017_fk_flight_flight_f_id; Type: FK CONSTRAINT; Schema: public; Owner: postgres
--

ALTER TABLE ONLY public.flight_ticket
    ADD CONSTRAINT flight_ticket_flight_id_id_f2dc0017_fk_flight_flight_f_id FOREIGN KEY (flight_id_id) REFERENCES public.flight_flight(f_id) DEFERRABLE INITIALLY DEFERRED;


--
-- Name: flight_ticket flight_ticket_user_id_id_d74d4f24_fk_flight_user_user_id; Type: FK CONSTRAINT; Schema: public; Owner: postgres
--

ALTER TABLE ONLY public.flight_ticket
    ADD CONSTRAINT flight_ticket_user_id_id_d74d4f24_fk_flight_user_user_id FOREIGN KEY (user_id_id) REFERENCES public.flight_user(user_id) DEFERRABLE INITIALLY DEFERRED;


--
-- PostgreSQL database dump complete
--

